Ent_Fed,Munic,Parroquia,Total
Distrito Capital,"Distrito Capital, Libertador",Altagracia,"47,922"
Distrito Capital,"Distrito Capital, Libertador",Antímano,"131,963"
Distrito Capital,"Distrito Capital, Libertador",Candelaria,"66,486"
Distrito Capital,"Distrito Capital, Libertador",Caricuao,"138,659"
Distrito Capital,"Distrito Capital, Libertador",Catedral,"12,777"
Distrito Capital,"Distrito Capital, Libertador",Coche,"59,889"
Distrito Capital,"Distrito Capital, Libertador",El Junquito,"50,470"
Distrito Capital,"Distrito Capital, Libertador",EL Paraíso,"109,622"
Distrito Capital,"Distrito Capital, Libertador",El Recreo,"112,809"
Distrito Capital,"Distrito Capital, Libertador",El Valle,"142,893"
Distrito Capital,"Distrito Capital, Libertador",La Pastora,"80,397"
Distrito Capital,"Distrito Capital, Libertador",La Vega,"123,863"
Distrito Capital,"Distrito Capital, Libertador",Macarao,"47,851"
Distrito Capital,"Distrito Capital, Libertador",San Agustín,"38,476"
Distrito Capital,"Distrito Capital, Libertador",San Bernardino,"27,353"
Distrito Capital,"Distrito Capital, Libertador",San José,"39,604"
Distrito Capital,"Distrito Capital, Libertador",San Juan,"106,507"
Distrito Capital,"Distrito Capital, Libertador",San Pedro,"58,254"
Distrito Capital,"Distrito Capital, Libertador",Santa Rosalía,"101,103"
Distrito Capital,"Distrito Capital, Libertador",Santa Teresa,"23,715"
Distrito Capital,"Distrito Capital, Libertador",Sucre,"345,944"
Distrito Capital,"Distrito Capital, Libertador",23 de Enero,"77,344"
Estado Amazonas,"Amazonas, Autónomo Alto Orinoco",Huachamacare,"7,487"
Estado Amazonas,"Amazonas, Autónomo Alto Orinoco",Marawaka,298
Estado Amazonas,"Amazonas, Autónomo Alto Orinoco",Mavaca,"1,289"
Estado Amazonas,"Amazonas, Autónomo Alto Orinoco",Sierra Parima,"3,613"
Estado Amazonas,"Amazonas, Autónomo Atabapo",Ucata,"9,169"
Estado Amazonas,"Amazonas, Autónomo Atures",Fernando Girón Tovar,"33,893"
Estado Amazonas,"Amazonas, Autónomo Atures",Luis Alberto Gómez,"50,221"
Estado Amazonas,"Amazonas, Autónomo Atures",Parhueña,"8,271"
Estado Amazonas,"Amazonas, Autónomo Atures",Platanillal,"11,843"
Estado Amazonas,"Amazonas, Autónomo Autana",Samariapo,"8,352"
Estado Amazonas,"Amazonas, Autónomo Maroa",Victorino,"2,029"
Estado Amazonas,"Amazonas, Autónomo Manapiare",Alto Ventuari,"7,715"
Estado Amazonas,"Amazonas, Autónomo Río Negro",Solano,"2,300"
Estado Anzoátegui,"Anzoátegui, Anaco",Capital Anaco,"114,825"
Estado Anzoátegui,"Anzoátegui, Anaco",San Joaquín,"4,229"
Estado Anzoátegui,"Anzoátegui, Anaco",Buena vista,"3,580"
Estado Anzoátegui,"Anzoátegui, Aragua",Capital Aragua,"28,058"
Estado Anzoátegui,"Anzoátegui, Aragua",Cachipo,"1,110"
Estado Anzoátegui,"Anzoátegui, Fernando de Peñalver",Capital Fernando de Peñalver,"27,513"
Estado Anzoátegui,"Anzoátegui, Fernando de Peñalver",San Miguel,"3,088"
Estado Anzoátegui,"Anzoátegui, Fernando de Peñalver",Sucre,"2,836"
Estado Anzoátegui,"Anzoátegui, Francisco del Carmen Carvajal",Capital Francisco del Carmen Carvajal,"13,475"
Estado Anzoátegui,"Anzoátegui, Francisco del Carmen Carvajal",Santa Bárbara,"1,178"
Estado Anzoátegui,"Anzoátegui, Francisco de Miranda",Capital Francisco de Miranda,"37,599"
Estado Anzoátegui,"Anzoátegui, Francisco de Miranda",Atapirire,"1,281"
Estado Anzoátegui,"Anzoátegui, Francisco de Miranda",Boca del Pao,"1,297"
Estado Anzoátegui,"Anzoátegui, Francisco de Miranda",El Pao,"2,996"
Estado Anzoátegui,"Anzoátegui, Guanta",Capital Guanta,"17,341"
Estado Anzoátegui,"Anzoátegui, Guanta",Chorrerón,"13,550"
Estado Anzoátegui,"Anzoátegui, Independencia",Capital Independencia,"23,036"
Estado Anzoátegui,"Anzoátegui, Independencia",Mamo,"6,980"
Estado Anzoátegui,"Anzoátegui, Juan Antonio Sotillo",Capital Puerto La Cruz,"84,730"
Estado Anzoátegui,"Anzoátegui, Juan Antonio Sotillo",Pozuelos,"159,998"
Estado Anzoátegui,"Anzoátegui, Juan Manuel Cajigal",Capital Juan Manuel Cajigal,"10,705"
Estado Anzoátegui,"Anzoátegui, Juan Manuel Cajigal",San Pablo,"2,771"
Estado Anzoátegui,"Anzoátegui, José Gregorio Monagas",Capital José Gregorio Monagas,"4,316"
Estado Anzoátegui,"Anzoátegui, José Gregorio Monagas",Piar,"1,011"
Estado Anzoátegui,"Anzoátegui, José Gregorio Monagas",San Diego de Cabrutica,"4,625"
Estado Anzoátegui,"Anzoátegui, José Gregorio Monagas",Santa Clara,"1,774"
Estado Anzoátegui,"Anzoátegui, José Gregorio Monagas",Uverito,"2,236"
Estado Anzoátegui,"Anzoátegui, José Gregorio Monagas",Zuata,"3,572"
Estado Anzoátegui,"Anzoátegui, Libertad",Capital Libertad,"9,510"
Estado Anzoátegui,"Anzoátegui, Libertad",El Carito,"1,467"
Estado Anzoátegui,"Anzoátegui, Libertad",Santa Inés,"3,460"
Estado Anzoátegui,"Anzoátegui, Manuel Ezequiel Bruzual",Capital Manuel Ezequiel Bruzual,"18,908"
Estado Anzoátegui,"Anzoátegui, Manuel Ezequiel Bruzual",Guanape,"7,461"
Estado Anzoátegui,"Anzoátegui, Manuel Ezequiel Bruzual",Sabana de Uchire,"6,286"
Estado Anzoátegui,"Anzoátegui, Pedro María Fréites",Capital Pedro María Fréites,"57,836"
Estado Anzoátegui,"Anzoátegui, Pedro María Fréites",Libertador,"2,732"
Estado Anzoátegui,"Anzoátegui, Pedro María Fréites",Santa Rosa,"5,653"
Estado Anzoátegui,"Anzoátegui, Pedro María Fréites",Urica,"6,900"
Estado Anzoátegui,"Anzoátegui, Píritu",Capital Píritu,"22,219"
Estado Anzoátegui,"Anzoátegui, Píritu",San Francisco,"1,029"
Estado Anzoátegui,"Anzoátegui, San José de Guanipa",No tiene parroquia (Capital El Tigrito),"76,398"
Estado Anzoátegui,"Anzoátegui, San Juan de Capistrano",Capital San Juan de Capistrano,"7,962"
Estado Anzoátegui,"Anzoátegui, San Juan de Capistrano",Boca de Chávez,"1,085"
Estado Anzoátegui,"Anzoátegui, Santa Ana",Capital Santa Ana,"9,252"
Estado Anzoátegui,"Anzoátegui, Santa Ana",Pueblo Nuevo,384
Estado Anzoátegui,"Anzoátegui, Simón Bolívar",El Carmen,"208,554"
Estado Anzoátegui,"Anzoátegui, Simón Bolívar",San Cristóbal,"176,570"
Estado Anzoátegui,"Anzoátegui, Simón Bolívar",Bergantín,"4,635"
Estado Anzoátegui,"Anzoátegui, Simón Bolívar",Caigua,"5,276"
Estado Anzoátegui,"Anzoátegui, Simón Bolívar",El Pilar,"3,083"
Estado Anzoátegui,"Anzoátegui, Simón Bolívar",Naricual,"23,306"
Estado Anzoátegui,"Anzoátegui, Simón Rodríguez",Edmundo Barrios,"182,474"
Estado Anzoátegui,"Anzoátegui, Sir Artur Mc Gregor",Capital Sir Arthur Mc Gregor,"8,837"
Estado Anzoátegui,"Anzoátegui, Sir Artur Mc Gregor",Tomás Alfaro Calatrava,931
Estado Anzoátegui,"Anzoátegui, Turístico Diego Bautista Urbaneja",Capital Diego Bautista Urbaneja,"22,605"
Estado Anzoátegui,"Anzoátegui, Turístico Diego Bautista Urbaneja",El Morro,"15,224"
Estado Apure,"Apure, Achaguas",Urbana Achaguas,"32,662"
Estado Apure,"Apure, Achaguas",Apurito,"5,041"
Estado Apure,"Apure, Achaguas",El Yagual,"4,624"
Estado Apure,"Apure, Achaguas",Guachara,"4,885"
Estado Apure,"Apure, Achaguas",Mucuritas,"4,499"
Estado Apure,"Apure, Achaguas",Queseras del Medio,"6,805"
Estado Apure,"Apure, Biruaca",Urbana Biruaca,"54,323"
Estado Apure,"Apure, Muñoz",Urbana Bruzual,"5,943"
Estado Apure,"Apure, Muñoz",Mantecal,"13,582"
Estado Apure,"Apure, Muñoz",Quintero,"1,025"
Estado Apure,"Apure, Muñoz",Rincón Hondo,"5,385"
Estado Apure,"Apure, Muñoz",San Vicente,"1,607"
Estado Apure,"Apure, Páez",Urbana Guasdualito,"48,420"
Estado Apure,"Apure, Páez",Aramendi,"4,649"
Estado Apure,"Apure, Páez",El Amparo,"10,582"
Estado Apure,"Apure, Páez",San Camilo,"22,579"
Estado Apure,"Apure, Páez",Urdaneta,"13,895"
Estado Apure,"Apure, Pedro Camejo",Urbana San Juan de Payara,"11,230"
Estado Apure,"Apure, Pedro Camejo",Codazzi,"4,705"
Estado Apure,"Apure, Pedro Camejo",Cunaviche,"13,031"
Estado Apure,"Apure, Rómulo Gallegos",Urbana Elorza,"20,000"
Estado Apure,"Apure, Rómulo Gallegos",La Trinidad,"4,418"
Estado Apure,"Apure, San Fernando",Urbana San Fernando,"122,354"
Estado Apure,"Apure, San Fernando",El Recreo,"26,027"
Estado Apure,"Apure, San Fernando",Peñalver,"11,392"
Estado Apure,"Apure, San Fernando",San Rafael de Atamaica,"5,362"
Estado Aragua,"Aragua, Bolívar",No tiene parroquia (Capital San Mateo),"38,047"
Estado Aragua,"Aragua, Camatagua",Camatagua,"12,995"
Estado Aragua,"Aragua, Camatagua",No Urbana Carmen de Cura,"3,632"
Estado Aragua,"Aragua, Girardot",No Urbana Choroní,"5,815"
Estado Aragua,"Aragua, Girardot",Urbana Las Delicias,"45,326"
Estado Aragua,"Aragua, Girardot",Urbana Madre María de San José,"59,776"
Estado Aragua,"Aragua, Girardot",Urbana Joaquín Crespo,"45,808"
Estado Aragua,"Aragua, Girardot",Urbana Pedro José Ovalles,"60,173"
Estado Aragua,"Aragua, Girardot",Urbana José Casanova Godoy,"65,847"
Estado Aragua,"Aragua, Girardot",Urbana Andrés Eloy Blanco,"47,263"
Estado Aragua,"Aragua, Girardot",Urbana Los Tacariguas,"77,101"
Estado Aragua,"Aragua, José Ángel Lamas",No tiene parroquia (Capital Santa Cruz),"32,981"
Estado Aragua,"Aragua, José Félix Ribas",Urbana Juan Vicente Bolívar y Ponte,"53,622"
Estado Aragua,"Aragua, José Félix Ribas",Urbana Castor Nieves Ríos,"45,710"
Estado Aragua,"Aragua, José Félix Ribas",No Urbana Las Guacamayas,"7,663"
Estado Aragua,"Aragua, José Félix Ribas",No Urbana Pao de Zárate,"3,833"
Estado Aragua,"Aragua, José Félix Ribas",No Urbana Zuata,"32,673"
Estado Aragua,"Aragua, José Rafael Revenga",No tiene parroquia (Capital El Consejo),"48,800"
Estado Aragua,"Aragua, Libertador",Libertador,"57,475"
Estado Aragua,"Aragua, Libertador",No Urbana San Martín de Porres,"56,880"
Estado Aragua,"Aragua, Mario Briceño Iragorry",Mario Briceño Iragorry,"35,873"
Estado Aragua,"Aragua, Mario Briceño Iragorry",Urbana Caña de Azúcar,"63,979"
Estado Aragua,"Aragua, San Casimiro",San Casimiro,"20,803"
Estado Aragua,"Aragua, San Casimiro",No Urbana Güiripa,"2,122"
Estado Aragua,"Aragua, San Casimiro",No Urbana Ollas de Caramacate,"1,200"
Estado Aragua,"Aragua, San Casimiro",No Urbana Valle Morín,"1,415"
Estado Aragua,"Aragua, San Sebastián",No tiene parroquia (Capital San Sebastián),"23,279"
Estado Aragua,"Aragua, Santiago Mariño",Santiago Mariño,"53,324"
Estado Aragua,"Aragua, Santiago Mariño",No Urbana Arévalo Aponte,"47,765"
Estado Aragua,"Aragua, Santiago Mariño",No Urbana Chuao,"1,853"
Estado Aragua,"Aragua, Santiago Mariño",No Urbana Samán de Güere,"81,812"
Estado Aragua,"Aragua, Santiago Mariño",No Urbana Alfredo Pacheco Miranda,"26,256"
Estado Aragua,"Aragua, Santos Michelena",Santos Michelena,"35,792"
Estado Aragua,"Aragua, Santos Michelena",No Urbana Tiara,"2,782"
Estado Aragua,"Aragua, Sucre",Sucre,"106,442"
Estado Aragua,"Aragua, Sucre",No Urbana Bella Vista,"8,067"
Estado Aragua,"Aragua, Tovar",No tiene parroquia (Capital La Colonia Tovar),"14,161"
Estado Aragua,"Aragua, Urdaneta",Urdaneta,"10,627"
Estado Aragua,"Aragua, Urdaneta",No Urbana Las Peñitas,"3,608"
Estado Aragua,"Aragua, Urdaneta",No Urbana San Francisco de Cara,"2,539"
Estado Aragua,"Aragua, Urdaneta",No Urbana Taguay,"4,497"
Estado Aragua,"Aragua, Zamora",Zamora,"89,364"
Estado Aragua,"Aragua, Zamora",No Urbana Magdaleno,"18,068"
Estado Aragua,"Aragua, Zamora",No Urbana San Francisco de Asís,"19,089"
Estado Aragua,"Aragua, Zamora",No Urbana Valles de Tucutunemo,"10,827"
Estado Aragua,"Aragua, Zamora",No Urbana Augusto Mijares,"7,406"
Estado Aragua,"Aragua, Francisco Linares Alcántara",Francisco Linares Alcántara,"89,025"
Estado Aragua,"Aragua, Francisco Linares Alcántara",No Urbana Francisco de Miranda,"19,522"
Estado Aragua,"Aragua, Francisco Linares Alcántara",No Urbana Monseñor Feliciano González,"14,575"
Estado Aragua,"Aragua, Ocumare de la Costa de Oro",No tiene parroquia (Capital Ocumare de la Costa),"12,816"
Estado Barinas,"Barinas, Alberto Arvelo Torrealba",Sabaneta,"34,148"
Estado Barinas,"Barinas, Alberto Arvelo Torrealba",Rodríguez Domínguez,"7,084"
Estado Barinas,"Barinas, Antonio José de Sucre",Ticoporo,"65,801"
Estado Barinas,"Barinas, Antonio José de Sucre",Andrés Bello,"7,147"
Estado Barinas,"Barinas, Antonio José de Sucre",Nicolás Pulido,"8,717"
Estado Barinas,"Barinas, Arismendi",Arismendi,"9,327"
Estado Barinas,"Barinas, Arismendi",Guadarrama,"2,165"
Estado Barinas,"Barinas, Arismendi",La Unión,"7,280"
Estado Barinas,"Barinas, Arismendi",San Antonio,"4,955"
Estado Barinas,"Barinas, Barinas",Barinas,"7,651"
Estado Barinas,"Barinas, Barinas",Alfredo Arvelo Larriva,"9,259"
Estado Barinas,"Barinas, Barinas",San Silvestre,"6,905"
Estado Barinas,"Barinas, Barinas",Santa Inés,"3,508"
Estado Barinas,"Barinas, Barinas",Santa Lucía,"5,780"
Estado Barinas,"Barinas, Barinas",Torunos,"4,882"
Estado Barinas,"Barinas, Barinas",El Carmen,"41,527"
Estado Barinas,"Barinas, Barinas",Rómulo Betancourt,"40,647"
Estado Barinas,"Barinas, Barinas",Corazón de Jesús,"58,413"
Estado Barinas,"Barinas, Barinas",Ramón Ignacio Méndez,"90,464"
Estado Barinas,"Barinas, Barinas",Alto Barinas,"64,194"
Estado Barinas,"Barinas, Barinas",Manuel Palacio Fajardo,"9,763"
Estado Barinas,"Barinas, Barinas",Juan Antonio Rodríguez Domínguez,"4,110"
Estado Barinas,"Barinas, Barinas",Dominga Ortiz de Páez,"6,748"
Estado Barinas,"Barinas, Bolívar",Barinitas,"43,863"
Estado Barinas,"Barinas, Bolívar",Altamira,"3,045"
Estado Barinas,"Barinas, Bolívar",Calderas,"5,964"
Estado Barinas,"Barinas, Cruz Paredes",Barrancas,"21,121"
Estado Barinas,"Barinas, Cruz Paredes",El Socorro,"4,345"
Estado Barinas,"Barinas, Cruz Paredes",Masparrito,576
Estado Barinas,"Barinas, Ezequiel Zamora",Santa Bárbara,"40,370"
Estado Barinas,"Barinas, Ezequiel Zamora",José Ignacio Pumar,"3,343"
Estado Barinas,"Barinas, Ezequiel Zamora",Pedro Briceño Méndez,"5,658"
Estado Barinas,"Barinas, Ezequiel Zamora",Ramón Ignacio Méndez,"4,209"
Estado Barinas,"Barinas, Obispos",Obispos,"15,696"
Estado Barinas,"Barinas, Obispos",El Real,"2,919"
Estado Barinas,"Barinas, Obispos",La Luz,"7,581"
Estado Barinas,"Barinas, Obispos",Los Guasimitos,"11,297"
Estado Barinas,"Barinas, Pedraza",Ciudad Bolivia,"44,975"
Estado Barinas,"Barinas, Pedraza",Ignacio Briceño,"6,274"
Estado Barinas,"Barinas, Pedraza",José Félix Ribas,"7,573"
Estado Barinas,"Barinas, Pedraza",Páez,"6,568"
Estado Barinas,"Barinas, Rojas",Libertad,"11,415"
Estado Barinas,"Barinas, Rojas",Dolores,"8,264"
Estado Barinas,"Barinas, Rojas",Palacios Fajardo,"11,855"
Estado Barinas,"Barinas, Rojas",Santa Rosa,"8,592"
Estado Barinas,"Barinas, Sosa",Ciudad de Nutrias,"15,168"
Estado Barinas,"Barinas, Sosa",El Regalo,"5,454"
Estado Barinas,"Barinas, Sosa",Puerto de Nutrias,"2,337"
Estado Barinas,"Barinas, Sosa",Santa Catalina,"1,183"
Estado Barinas,"Barinas, Andrés Eloy Blanco",El Cantón,"6,466"
Estado Barinas,"Barinas, Andrés Eloy Blanco",Santa Cruz de Guacas,"5,486"
Estado Barinas,"Barinas, Andrés Eloy Blanco",Puerto Vivas,"4,192"
Estado Bolívar,"Bolívar, Caroní",Cachamay,"42,354"
Estado Bolívar,"Bolívar, Caroní",Chirica,"96,368"
Estado Bolívar,"Bolívar, Caroní",Dalla Costa,"72,821"
Estado Bolívar,"Bolívar, Caroní",Once de Abril,"85,317"
Estado Bolívar,"Bolívar, Caroní",Simón Bolívar,"69,676"
Estado Bolívar,"Bolívar, Caroní",Unare,"174,851"
Estado Bolívar,"Bolívar, Caroní",Universidad,"44,117"
Estado Bolívar,"Bolívar, Caroní",Vista al Sol,"88,364"
Estado Bolívar,"Bolívar, Caroní",Pozo Verde,"23,471"
Estado Bolívar,"Bolívar, Caroní",Yocoima,"7,246"
Estado Bolívar,"Bolívar, Caroní",Cinco de Julio,"2,151"
Estado Bolívar,"Bolívar, Cedeño",Sección Capital Cedeño,"39,054"
Estado Bolívar,"Bolívar, Cedeño",Altagracia,"1,477"
Estado Bolívar,"Bolívar, Cedeño",Ascensión Farreras,"7,040"
Estado Bolívar,"Bolívar, Cedeño",Guaniamo,946
Estado Bolívar,"Bolívar, Cedeño",La Urbana,"4,710"
Estado Bolívar,"Bolívar, Cedeño",Pijiguaos,"13,773"
Estado Bolívar,"Bolívar, El Callao",No tiene parroquia (Capital El Callao),"21,769"
Estado Bolívar,"Bolívar, Gran Sabana",Sección Capital Gran Sabana,"26,622"
Estado Bolívar,"Bolívar, Gran Sabana",Ikabarú,"1,828"
Estado Bolívar,"Bolívar, Heres",Agua Salada,"79,847"
Estado Bolívar,"Bolívar, Heres",Catedral,"55,841"
Estado Bolívar,"Bolívar, Heres",José Antonio Páez,"32,166"
Estado Bolívar,"Bolívar, Heres",La Sabanita,"74,800"
Estado Bolívar,"Bolívar, Heres",Marhuanta,"36,646"
Estado Bolívar,"Bolívar, Heres",Vista Hermosa,"56,668"
Estado Bolívar,"Bolívar, Heres",Orinoco,"1,657"
Estado Bolívar,"Bolívar, Heres",Panapana,"2,341"
Estado Bolívar,"Bolívar, Heres",Zea,"2,314"
Estado Bolívar,"Bolívar, Piar",Sección Capital Piar,"83,748"
Estado Bolívar,"Bolívar, Piar",Andrés Eloy Blanco,"5,634"
Estado Bolívar,"Bolívar, Piar",Pedro Cova,"8,892"
Estado Bolívar,"Bolívar, Bolivariano Angostura",Sección Capital Angostura,"14,925"
Estado Bolívar,"Bolívar, Bolivariano Angostura",Barceloneta,"16,191"
Estado Bolívar,"Bolívar, Bolivariano Angostura",San Francisco,"6,494"
Estado Bolívar,"Bolívar, Bolivariano Angostura",Santa Bárbara,"3,317"
Estado Bolívar,"Bolívar, Roscio",Sección Capital Roscio,"21,039"
Estado Bolívar,"Bolívar, Roscio",Salom,711
Estado Bolívar,"Bolívar, Sifontes",Sección Capital Sifontes,"29,906"
Estado Bolívar,"Bolívar, Sifontes",Dalla Costa,"11,189"
Estado Bolívar,"Bolívar, Sifontes",San Isidro,"8,987"
Estado Bolívar,"Bolívar, Sucre",Sección Capital Sucre,"3,605"
Estado Bolívar,"Bolívar, Sucre",Aripao,"4,507"
Estado Bolívar,"Bolívar, Sucre",Guarataro,"7,240"
Estado Bolívar,"Bolívar, Sucre",Las Majadas,733
Estado Bolívar,"Bolívar, Sucre",Moitaco,"4,274"
Estado Bolívar,"Bolívar, Padre Pedro Chien",No tiene parroquia (Capital El Palmar),"15,488"
Estado Carabobo,"Carabobo, Bejuma",Urbana Bejuma,"31,581"
Estado Carabobo,"Carabobo, Bejuma",No Urbana Canoabo,"8,058"
Estado Carabobo,"Carabobo, Bejuma",No Urbana Simón Bolívar,"8,899"
Estado Carabobo,"Carabobo, Carlos Arvelo",Urbana Güigüe,"73,276"
Estado Carabobo,"Carabobo, Carlos Arvelo",No Urbana Belén,"13,786"
Estado Carabobo,"Carabobo, Carlos Arvelo",No Urbana Tacarigua,"63,215"
Estado Carabobo,"Carabobo, Diego Ibarra",Urbana Aguas Calientes,"38,452"
Estado Carabobo,"Carabobo, Diego Ibarra",Urbana Mariara,"66,084"
Estado Carabobo,"Carabobo, Guacara",Urbana Ciudad Alianza,"20,414"
Estado Carabobo,"Carabobo, Guacara",Urbana Guacara,"131,695"
Estado Carabobo,"Carabobo, Guacara",No Urbana Yagua,"24,109"
Estado Carabobo,"Carabobo, Juan José Mora",Urbana Morón,"60,588"
Estado Carabobo,"Carabobo, Juan José Mora",No Urbana Urama,"8,648"
Estado Carabobo,"Carabobo, Libertador",Urbana Tocuyito,"129,937"
Estado Carabobo,"Carabobo, Libertador",Urbana Independencia,"36,229"
Estado Carabobo,"Carabobo, Los Guayos",Urbana Los Guayos,"149,606"
Estado Carabobo,"Carabobo, Miranda",Urbana Miranda,"29,092"
Estado Carabobo,"Carabobo, Montalbán",Urbana Montalbán,"24,908"
Estado Carabobo,"Carabobo, Naguanagua",Urbana Naguanagua,"157,437"
Estado Carabobo,"Carabobo, Puerto Cabello",Urbana Bartolomé Salom,"41,813"
Estado Carabobo,"Carabobo, Puerto Cabello",Urbana Democracia,"8,878"
Estado Carabobo,"Carabobo, Puerto Cabello",Urbana Fraternidad,"9,180"
Estado Carabobo,"Carabobo, Puerto Cabello",Urbana Goaigoaza,"46,289"
Estado Carabobo,"Carabobo, Puerto Cabello",Urbana Juan José Flores,"64,979"
Estado Carabobo,"Carabobo, Puerto Cabello",Urbana Unión,"2,560"
Estado Carabobo,"Carabobo, Puerto Cabello",No Urbana Borburata,"5,202"
Estado Carabobo,"Carabobo, Puerto Cabello",No Urbana Patanemo,"3,592"
Estado Carabobo,"Carabobo, San Diego",Urbana San Diego,"93,257"
Estado Carabobo,"Carabobo, San Joaquín",Urbana San Joaquín,"64,124"
Estado Carabobo,"Carabobo, Valencia",Urbana Candelaria,"25,496"
Estado Carabobo,"Carabobo, Valencia",Urbana Catedral,"2,230"
Estado Carabobo,"Carabobo, Valencia",Urbana El Socorro,"5,406"
Estado Carabobo,"Carabobo, Valencia",Urbana Miguel Peña,"371,087"
Estado Carabobo,"Carabobo, Valencia",Urbana Rafael Urdaneta,"191,004"
Estado Carabobo,"Carabobo, Valencia",Urbana San Blas,"22,778"
Estado Carabobo,"Carabobo, Valencia",Urbana San José,"132,534"
Estado Carabobo,"Carabobo, Valencia",Urbana Santa Rosa,"70,449"
Estado Carabobo,"Carabobo, Valencia",No Urbana Negro Primero,"8,872"
Estado Cojedes,"Cojedes, Anzoátegui",Cojedes,"6,305"
Estado Cojedes,"Cojedes, Anzoátegui",Juan de Mata Suárez,"10,725"
Estado Cojedes,"Cojedes, Tinaquillo",Tinaquillo,"97,687"
Estado Cojedes,"Cojedes, Girardot",El Baúl,"9,831"
Estado Cojedes,"Cojedes, Girardot",Sucre,"2,075"
Estado Cojedes,"Cojedes, Lima Blanco",Macapo,"5,508"
Estado Cojedes,"Cojedes, Lima Blanco",La Aguadita,"3,946"
Estado Cojedes,"Cojedes, Pao de San Juan Bautista",El Pao,"16,810"
Estado Cojedes,"Cojedes, Ricaurte",Libertad de Cojedes,"11,471"
Estado Cojedes,"Cojedes, Ricaurte",El Amparo,"1,186"
Estado Cojedes,"Cojedes, Rómulo Gallegos",Rómulo Gallegos,"18,297"
Estado Cojedes,"Cojedes, Ezequiel Zamora",San Carlos de Austria,"101,346"
Estado Cojedes,"Cojedes, Ezequiel Zamora",Juan Ángel Bravo,"1,132"
Estado Cojedes,"Cojedes, Ezequiel Zamora",Manuel Manrique,"4,282"
Estado Cojedes,"Cojedes, Tinaco",General en Jefe José Laurencio Silva,"32,564"
Estado Delta Amacuro,"Delta Amacuro, Antonio Díaz",Curiapo,"6,232"
Estado Delta Amacuro,"Delta Amacuro, Antonio Díaz",Almirante Luis Brión,"1,410"
Estado Delta Amacuro,"Delta Amacuro, Antonio Díaz",Francisco Aniceto Lugo,"2,449"
Estado Delta Amacuro,"Delta Amacuro, Antonio Díaz",Manuel Renaud,"6,109"
Estado Delta Amacuro,"Delta Amacuro, Antonio Díaz",Padre Barral,"8,619"
Estado Delta Amacuro,"Delta Amacuro, Antonio Díaz",Santos de Abelgas,"1,836"
Estado Delta Amacuro,"Delta Amacuro, Casacoima",Imataca,"10,955"
Estado Delta Amacuro,"Delta Amacuro, Casacoima",Cinco de Julio,53
Estado Delta Amacuro,"Delta Amacuro, Casacoima",Juan Bautista Arismendi,"3,490"
Estado Delta Amacuro,"Delta Amacuro, Casacoima",Manuel Piar,"12,413"
Estado Delta Amacuro,"Delta Amacuro, Casacoima",Rómulo Gallegos,"2,644"
Estado Delta Amacuro,"Delta Amacuro, Pedernales",Pedernales,"4,682"
Estado Delta Amacuro,"Delta Amacuro, Pedernales",Luis Beltrán Prieto Figueroa,"1,756"
Estado Delta Amacuro,"Delta Amacuro, Tucupita",San José,"5,025"
Estado Delta Amacuro,"Delta Amacuro, Tucupita",José Vidal Marcano,"18,166"
Estado Delta Amacuro,"Delta Amacuro, Tucupita",Juan Millán,"10,880"
Estado Delta Amacuro,"Delta Amacuro, Tucupita",Leonardo Ruíz Pineda,"19,153"
Estado Delta Amacuro,"Delta Amacuro, Tucupita",Mariscal Antonio José de Sucre,"11,588"
Estado Delta Amacuro,"Delta Amacuro, Tucupita",Monseñor Argimiro García,"14,144"
Estado Delta Amacuro,"Delta Amacuro, Tucupita",San Rafael,"16,049"
Estado Delta Amacuro,"Delta Amacuro, Tucupita",Virgen del Valle,"7,872"
Estado Falcón,"Falcón, Acosta",San Juan de los Cayos,"7,815"
Estado Falcón,"Falcón, Acosta",Capadare,"6,556"
Estado Falcón,"Falcón, Acosta",La Pastora,"3,341"
Estado Falcón,"Falcón, Acosta",Libertador,"1,333"
Estado Falcón,"Falcón, Bolívar",San Luis,"4,296"
Estado Falcón,"Falcón, Bolívar",Aracua,"2,581"
Estado Falcón,"Falcón, Bolívar",La Peña,"1,662"
Estado Falcón,"Falcón, Buchivacoa",Capatárida,"8,052"
Estado Falcón,"Falcón, Buchivacoa",Bariro,"2,547"
Estado Falcón,"Falcón, Buchivacoa",Borojó,"2,112"
Estado Falcón,"Falcón, Buchivacoa",Guajiro,"2,217"
Estado Falcón,"Falcón, Buchivacoa",Seque,"2,512"
Estado Falcón,"Falcón, Buchivacoa",Zazárida,"5,457"
Estado Falcón,"Falcón, Cacique Manaure",No tiene parroquia (Capital Yaracal),"10,874"
Estado Falcón,"Falcón, Carirubana",Carirubana,"60,158"
Estado Falcón,"Falcón, Carirubana",Norte,"68,142"
Estado Falcón,"Falcón, Carirubana",Punta Cardón,"95,829"
Estado Falcón,"Falcón, Carirubana",Santa Ana,"15,315"
Estado Falcón,"Falcón, Colina",La Vela de Coro,"29,461"
Estado Falcón,"Falcón, Colina",Acurigua,"1,563"
Estado Falcón,"Falcón, Colina",Guaibacoa,833
Estado Falcón,"Falcón, Colina",Las Calderas,"7,923"
Estado Falcón,"Falcón, Colina",Macoruca,"1,730"
Estado Falcón,"Falcón, Dabajuro",No tiene parroquia (Capital Dabajuro),"23,388"
Estado Falcón,"Falcón, Democracia",Pedregal,"6,978"
Estado Falcón,"Falcón, Democracia",Agua Clara,172
Estado Falcón,"Falcón, Democracia",Avaria,"1,047"
Estado Falcón,"Falcón, Democracia",Piedra Grande,661
Estado Falcón,"Falcón, Democracia",Purureche,"1,086"
Estado Falcón,"Falcón, Falcón",Pueblo Nuevo,"14,319"
Estado Falcón,"Falcón, Falcón",Adícora,"4,410"
Estado Falcón,"Falcón, Falcón",Baraived,"3,327"
Estado Falcón,"Falcón, Falcón",Buena Vista,"4,554"
Estado Falcón,"Falcón, Falcón",Jadacaquiva,"3,692"
Estado Falcón,"Falcón, Falcón",Moruy,"7,283"
Estado Falcón,"Falcón, Falcón",Adaure,"2,133"
Estado Falcón,"Falcón, Falcón",El Hato,"2,944"
Estado Falcón,"Falcón, Falcón",El Vínculo,"3,553"
Estado Falcón,"Falcón, Federación",Churuguara,"15,255"
Estado Falcón,"Falcón, Federación",Agua Larga,"3,150"
Estado Falcón,"Falcón, Federación",El Paují,"3,188"
Estado Falcón,"Falcón, Federación",Independencia,882
Estado Falcón,"Falcón, Federación",Mapararí,"6,776"
Estado Falcón,"Falcón, Jacura",Jacura,"5,932"
Estado Falcón,"Falcón, Jacura",Agua Linda,"2,048"
Estado Falcón,"Falcón, Jacura",Araurima,"3,252"
Estado Falcón,"Falcón, Los Taques",Los Taques,"21,824"
Estado Falcón,"Falcón, Los Taques",Judibana,"19,755"
Estado Falcón,"Falcón, Mauroa",Mene de Mauroa,"16,107"
Estado Falcón,"Falcón, Mauroa",Casigua,"6,511"
Estado Falcón,"Falcón, Mauroa",San Félix,"2,302"
Estado Falcón,"Falcón, Miranda",San Antonio,"126,952"
Estado Falcón,"Falcón, Miranda",San Gabriel,"47,400"
Estado Falcón,"Falcón, Miranda",Santa Ana,"22,697"
Estado Falcón,"Falcón, Miranda",Guzmán Guillermo,"6,460"
Estado Falcón,"Falcón, Miranda",Mitare,"1,641"
Estado Falcón,"Falcón, Miranda",Río Seco,"2,272"
Estado Falcón,"Falcón, Miranda",Sabaneta,"4,115"
Estado Falcón,"Falcón, Monseñor Iturriza",Chichiriviche,"9,193"
Estado Falcón,"Falcón, Monseñor Iturriza",Boca de Tocuyo,"1,826"
Estado Falcón,"Falcón, Monseñor Iturriza",Tocuyo de la Costa,"8,281"
Estado Falcón,"Falcón, Palmasola",No tiene parroquia (Capital Palmasola),"7,077"
Estado Falcón,"Falcón, Petit",Cabure,"7,052"
Estado Falcón,"Falcón, Petit",Colina,"3,469"
Estado Falcón,"Falcón, Petit",Curimagua,"3,204"
Estado Falcón,"Falcón, Píritu",Píritu,"7,900"
Estado Falcón,"Falcón, Píritu",San José de la Costa,"2,728"
Estado Falcón,"Falcón, San Francisco",No tiene parroquia (Capital Mirimire),"11,030"
Estado Falcón,"Falcón, Silva",Tucacas,"23,738"
Estado Falcón,"Falcón, Silva",Boca de Aroa,"8,455"
Estado Falcón,"Falcón, Sucre",Sucre,"4,297"
Estado Falcón,"Falcón, Sucre",Pecaya,"1,484"
Estado Falcón,"Falcón, Tocópero",No tiene parroquia (Capital Tocópero),"5,519"
Estado Falcón,"Falcón, Unión",Santa Cruz de Bucaral,"9,401"
Estado Falcón,"Falcón, Unión",El Charal,"3,390"
Estado Falcón,"Falcón, Unión",Las Vegas del Tuy,"2,869"
Estado Falcón,"Falcón, Urumaco",Urumaco,"6,033"
Estado Falcón,"Falcón, Urumaco",Bruzual,"2,316"
Estado Falcón,"Falcón, Zamora",Puerto Cumarebo,"25,889"
Estado Falcón,"Falcón, Zamora",La Ciénaga,953
Estado Falcón,"Falcón, Zamora",La Soledad,"2,725"
Estado Falcón,"Falcón, Zamora",Pueblo Cumarebo,"2,455"
Estado Falcón,"Falcón, Zamora",Zazárida,"1,188"
Estado Guárico,"Guárico, Camaguán",Capital Camaguán,"16,451"
Estado Guárico,"Guárico, Camaguán",Puerto Miranda,"5,507"
Estado Guárico,"Guárico, Camaguán",Uverito,"2,433"
Estado Guárico,"Guárico, Chaguaramas",Chaguaramas,"12,966"
Estado Guárico,"Guárico, El Socorro",El Socorro,"17,097"
Estado Guárico,"Guárico, San Gerónimo de Guayabal",Capital San Gerónimo de Guayabal,"12,748"
Estado Guárico,"Guárico, San Gerónimo de Guayabal",Cazorla,"7,458"
Estado Guárico,"Guárico, Leonardo Infante",Capital Valle de La Pascua,"115,902"
Estado Guárico,"Guárico, Leonardo Infante",Espino,"4,987"
Estado Guárico,"Guárico, Las Mercedes",Capital Las Mercedes,"19,745"
Estado Guárico,"Guárico, Las Mercedes",Cabruta,"11,401"
Estado Guárico,"Guárico, Las Mercedes",Santa Rita de Manapire,"1,879"
Estado Guárico,"Guárico, Julián Mellado",Capital El Sombrero,"25,883"
Estado Guárico,"Guárico, Julián Mellado",Sosa,"1,781"
Estado Guárico,"Guárico, Francisco de Miranda",Capital Calabozo,"131,989"
Estado Guárico,"Guárico, Francisco de Miranda",El Calvario,"1,807"
Estado Guárico,"Guárico, Francisco de Miranda",El Rastro,"2,925"
Estado Guárico,"Guárico, Francisco de Miranda",Guardatinajas,"5,266"
Estado Guárico,"Guárico, José Tadeo Monagas",Capital Altagracia de Orituco,"52,952"
Estado Guárico,"Guárico, José Tadeo Monagas",Lezama,"5,471"
Estado Guárico,"Guárico, José Tadeo Monagas",Libertad de Orituco,"1,055"
Estado Guárico,"Guárico, José Tadeo Monagas",Paso Real de Macaira,"4,711"
Estado Guárico,"Guárico, José Tadeo Monagas",San Francisco de Macaira,"3,006"
Estado Guárico,"Guárico, José Tadeo Monagas",San Rafael de Orituco,"4,458"
Estado Guárico,"Guárico, José Tadeo Monagas",Soublette,"2,906"
Estado Guárico,"Guárico, Ortiz",Capital Ortiz,"10,517"
Estado Guárico,"Guárico, Ortiz",San Francisco de Tiznado,"3,811"
Estado Guárico,"Guárico, Ortiz",San José de Tiznado,"6,282"
Estado Guárico,"Guárico, Ortiz",San Lorenzo de Tiznado,"3,145"
Estado Guárico,"Guárico, José Felix Ribas",Capital Tucupido,"35,150"
Estado Guárico,"Guárico, José Felix Ribas",San Rafael de Laya,"3,258"
Estado Guárico,"Guárico, Juan Germán Roscio",Capital San Juan de Los Morros,"120,111"
Estado Guárico,"Guárico, Juan Germán Roscio",Cantagallo,"2,313"
Estado Guárico,"Guárico, Juan Germán Roscio",Parapara,"3,754"
Estado Guárico,"Guárico, San José de Guaribe",San José de Guaribe,"11,426"
Estado Guárico,"Guárico, Santa María de Ipire",Capital Santa María de Ipire,"12,327"
Estado Guárico,"Guárico, Santa María de Ipire",Altamira,834
Estado Guárico,"Guárico, Pedro Zaraza",Capital Zaraza,"59,519"
Estado Guárico,"Guárico, Pedro Zaraza",San José de Unare,"2,508"
Estado Lara,"Lara, Andrés Eloy Blanco",Pío Tamayo,"30,342"
Estado Lara,"Lara, Andrés Eloy Blanco",Quebrada Honda de Guache,"7,460"
Estado Lara,"Lara, Andrés Eloy Blanco",Yacambú,"9,443"
Estado Lara,"Lara, Crespo",Fréitez,"32,341"
Estado Lara,"Lara, Crespo",José María Blanco,"17,617"
Estado Lara,"Lara, Iribarren",Catedral,"132,302"
Estado Lara,"Lara, Iribarren",Concepción,"115,679"
Estado Lara,"Lara, Iribarren",El Cují,"55,931"
Estado Lara,"Lara, Iribarren",Juan de Villegas,"344,196"
Estado Lara,"Lara, Iribarren",Santa Rosa,"75,755"
Estado Lara,"Lara, Iribarren",Tamaca,"78,351"
Estado Lara,"Lara, Iribarren",Unión,"148,345"
Estado Lara,"Lara, Iribarren",Aguedo Felipe Alvarado,"23,928"
Estado Lara,"Lara, Iribarren",Buena Vista,"6,979"
Estado Lara,"Lara, Iribarren",Juárez,"14,764"
Estado Lara,"Lara, Jiménez",Juan Bautista Rodríguez,"44,818"
Estado Lara,"Lara, Jiménez",Cuara,"5,019"
Estado Lara,"Lara, Jiménez",Diego de Lozada,"7,675"
Estado Lara,"Lara, Jiménez",Paraíso de San José,"1,103"
Estado Lara,"Lara, Jiménez",San Miguel,"3,443"
Estado Lara,"Lara, Jiménez",Tintorero,"11,107"
Estado Lara,"Lara, Jiménez",José Bernardo Dorante,"12,001"
Estado Lara,"Lara, Jiménez",Coronel Mariano Peraza,"15,831"
Estado Lara,"Lara, Morán",Bolívar,"64,872"
Estado Lara,"Lara, Morán",Anzoátegui,"5,862"
Estado Lara,"Lara, Morán",Guárico,"16,584"
Estado Lara,"Lara, Morán",Hilario Luna y Luna,"10,514"
Estado Lara,"Lara, Morán",Humocaro Alto,"9,296"
Estado Lara,"Lara, Morán",Humocaro Bajo,"11,615"
Estado Lara,"Lara, Morán",La Candelaria,"1,643"
Estado Lara,"Lara, Morán",Morán,"3,494"
Estado Lara,"Lara, Palavecino",Cabudare,"70,578"
Estado Lara,"Lara, Palavecino",José Gregorio Bastidas,"87,078"
Estado Lara,"Lara, Palavecino",Agua Viva,"16,443"
Estado Lara,"Lara, Simon Planas",Sarare,"16,395"
Estado Lara,"Lara, Simon Planas",Buría,"7,708"
Estado Lara,"Lara, Simon Planas",Gustavo Vegas León,"11,699"
Estado Lara,"Lara, Torres",Trinidad Samuel,"107,733"
Estado Lara,"Lara, Torres",Antonio Díaz,"4,479"
Estado Lara,"Lara, Torres",Camacaro,"7,233"
Estado Lara,"Lara, Torres",Castañeda,"3,965"
Estado Lara,"Lara, Torres",Cecilio Zubillaga,"6,946"
Estado Lara,"Lara, Torres",Chiquinquirá,"4,771"
Estado Lara,"Lara, Torres",El Blanco,"7,291"
Estado Lara,"Lara, Torres",Espinoza de los Monteros,"6,043"
Estado Lara,"Lara, Torres",Lara,"1,370"
Estado Lara,"Lara, Torres",Las Mercedes,"9,825"
Estado Lara,"Lara, Torres",Manuel Morillo,"4,265"
Estado Lara,"Lara, Torres",Montaña Verde,"10,017"
Estado Lara,"Lara, Torres",Montes de Oca,"2,629"
Estado Lara,"Lara, Torres",Torres,"1,406"
Estado Lara,"Lara, Torres",Reyes Vargas,"6,056"
Estado Lara,"Lara, Torres",Altagracia,"1,246"
Estado Lara,"Lara, Urdaneta",Siquisique,"23,005"
Estado Lara,"Lara, Urdaneta",Moroturo,"21,640"
Estado Lara,"Lara, Urdaneta",San Miguel,"13,276"
Estado Lara,"Lara, Urdaneta",Xaguas,"3,460"
Estado Mérida,"Mérida, Alberto Adriani",Presidente Betancourt,"21,413"
Estado Mérida,"Mérida, Alberto Adriani",Presidente Páez,"37,167"
Estado Mérida,"Mérida, Alberto Adriani",Presidente Rómulo Gallegos,"29,269"
Estado Mérida,"Mérida, Alberto Adriani",Gabriel Picón González,"4,201"
Estado Mérida,"Mérida, Alberto Adriani",Héctor Amable Mora,"10,306"
Estado Mérida,"Mérida, Alberto Adriani",José Nucete Sardi,589
Estado Mérida,"Mérida, Alberto Adriani",Pulido Méndez,"29,736"
Estado Mérida,"Mérida, Andrés Bello",No tiene parroquia (Capital La Azulita),"14,238"
Estado Mérida,"Mérida, Antonio Pinto Salinas",Capital Antonio Pinto Salinas,"17,714"
Estado Mérida,"Mérida, Antonio Pinto Salinas",Mesa Bolívar,"4,067"
Estado Mérida,"Mérida, Antonio Pinto Salinas",Mesa de Las Palmas,"2,225"
Estado Mérida,"Mérida, Aricagua",Capital Aricagua,"3,096"
Estado Mérida,"Mérida, Aricagua",San Antonio,"1,146"
Estado Mérida,"Mérida, Arzobispo Chacón",Capital Arzobispo Chacón,"3,606"
Estado Mérida,"Mérida, Arzobispo Chacón",Capurí,852
Estado Mérida,"Mérida, Arzobispo Chacón",Chacantá,"1,912"
Estado Mérida,"Mérida, Arzobispo Chacón",El Molino,"1,546"
Estado Mérida,"Mérida, Arzobispo Chacón",Guaimaral,772
Estado Mérida,"Mérida, Arzobispo Chacón",Mucutuy,"2,352"
Estado Mérida,"Mérida, Arzobispo Chacón",Mucuchachí,"2,043"
Estado Mérida,"Mérida, Campo Elías",Fernández Peña,"16,764"
Estado Mérida,"Mérida, Campo Elías",Matriz,"46,674"
Estado Mérida,"Mérida, Campo Elías",Montalbán,"27,515"
Estado Mérida,"Mérida, Campo Elías",Acequias,689
Estado Mérida,"Mérida, Campo Elías",Jají,"2,880"
Estado Mérida,"Mérida, Campo Elías",La Mesa,"4,297"
Estado Mérida,"Mérida, Campo Elías",San José del Sur,"1,054"
Estado Mérida,"Mérida, Caracciolo Parra Olmedo",Capital Caracciolo Parra Olmedo,"19,994"
Estado Mérida,"Mérida, Caracciolo Parra Olmedo",Florencio Ramírez,"7,638"
Estado Mérida,"Mérida, Cardenal Quintero",Capital Cardenal Quintero,"5,304"
Estado Mérida,"Mérida, Cardenal Quintero",Las Piedras,"4,137"
Estado Mérida,"Mérida, Guaraque",Capital Guaraque,"3,803"
Estado Mérida,"Mérida, Guaraque",Mesa de Quintero,"1,315"
Estado Mérida,"Mérida, Guaraque",Río Negro,"3,946"
Estado Mérida,"Mérida, Julio César Salas",Capital Julio César Salas,"12,143"
Estado Mérida,"Mérida, Julio César Salas",Palmira,"2,523"
Estado Mérida,"Mérida, Justo Briceño",Capital Justo Briceño,"3,614"
Estado Mérida,"Mérida, Justo Briceño",San Cristóbal de Torondoy,"1,281"
Estado Mérida,"Mérida, Libertador",Antonio Spinetti Dini,"29,155"
Estado Mérida,"Mérida, Libertador",Arias,"16,153"
Estado Mérida,"Mérida, Libertador",Caracciolo Parra Pérez,"13,120"
Estado Mérida,"Mérida, Libertador",Domingo Peña,"19,261"
Estado Mérida,"Mérida, Libertador",El Llano,"8,231"
Estado Mérida,"Mérida, Libertador",Gonzalo Picón Febres,"6,496"
Estado Mérida,"Mérida, Libertador",Jacinto Plaza,"29,717"
Estado Mérida,"Mérida, Libertador",Juan Rodríguez Suárez,"13,974"
Estado Mérida,"Mérida, Libertador",Lasso de la Vega,"15,438"
Estado Mérida,"Mérida, Libertador",Mariano Picón Salas,"14,967"
Estado Mérida,"Mérida, Libertador",Milla,"19,340"
Estado Mérida,"Mérida, Libertador",Osuna Rodríguez,"24,003"
Estado Mérida,"Mérida, Libertador",Sagrario,"5,687"
Estado Mérida,"Mérida, Libertador",El Morro,"1,479"
Estado Mérida,"Mérida, Libertador",Los Nevados,516
Estado Mérida,"Mérida, Miranda",Capital Miranda,"16,168"
Estado Mérida,"Mérida, Miranda",Andrés Eloy Blanco,"2,335"
Estado Mérida,"Mérida, Miranda",La Venta,"1,864"
Estado Mérida,"Mérida, Miranda",Piñango,"1,515"
Estado Mérida,"Mérida, Obispo Ramos de Lora",Capital Obispo Ramos de Lora,"13,175"
Estado Mérida,"Mérida, Obispo Ramos de Lora",Eloy Paredes,"6,756"
Estado Mérida,"Mérida, Obispo Ramos de Lora",San Rafael de Alcázar,"4,843"
Estado Mérida,"Mérida, Padre Noguera",No tiene parroquia (Capital Santa María de Caparo),"3,188"
Estado Mérida,"Mérida, Pueblo Llano",No tiene parroquia (Capital Pueblo Llano),"10,730"
Estado Mérida,"Mérida, Rangel",Capital Rangel,"7,359"
Estado Mérida,"Mérida, Rangel",Cacute,"1,727"
Estado Mérida,"Mérida, Rangel",La Toma,"2,208"
Estado Mérida,"Mérida, Rangel",Mucurubá,"3,415"
Estado Mérida,"Mérida, Rangel",San Rafael,"4,299"
Estado Mérida,"Mérida, Rivas Dávila",Capital Rivas Dávila,"16,360"
Estado Mérida,"Mérida, Rivas Dávila",Gerónimo Maldonado,"3,768"
Estado Mérida,"Mérida, Santos Marquina",No tiene parroquia (Capital Tabay),"18,037"
Estado Mérida,"Mérida, Sucre",Capital Sucre,"22,370"
Estado Mérida,"Mérida, Sucre",Chiguará,"8,388"
Estado Mérida,"Mérida, Sucre",Estánques,"4,284"
Estado Mérida,"Mérida, Sucre",La Trampa,"1,709"
Estado Mérida,"Mérida, Sucre",Pueblo Nuevo del Sur,"3,516"
Estado Mérida,"Mérida, Sucre",San Juan,"15,573"
Estado Mérida,"Mérida, Tovar",El Amparo,"2,045"
Estado Mérida,"Mérida, Tovar",El Llano,"16,280"
Estado Mérida,"Mérida, Tovar",San Francisco,"1,979"
Estado Mérida,"Mérida, Tovar",Tovar,"18,151"
Estado Mérida,"Mérida, Tulio Febres Cordero",Capital Tulio Febres Cordero,"16,829"
Estado Mérida,"Mérida, Tulio Febres Cordero",Independencia,"8,820"
Estado Mérida,"Mérida, Tulio Febres Cordero",María de la Concepción Palacios Blanco,"4,302"
Estado Mérida,"Mérida, Tulio Febres Cordero",Santa Apolonia,"4,079"
Estado Mérida,"Mérida, Zea",Capital Zea,"7,280"
Estado Mérida,"Mérida, Zea",Caño El Tigre,"3,882"
Estado Bolivariano de Miranda,"Miranda, Acevedo",Caucagua,"27,948"
Estado Bolivariano de Miranda,"Miranda, Acevedo",Aragüita,"6,043"
Estado Bolivariano de Miranda,"Miranda, Acevedo",Arévalo González,"6,509"
Estado Bolivariano de Miranda,"Miranda, Acevedo",Capaya,"13,151"
Estado Bolivariano de Miranda,"Miranda, Acevedo",El Café,"6,477"
Estado Bolivariano de Miranda,"Miranda, Acevedo",Marizapa,"12,454"
Estado Bolivariano de Miranda,"Miranda, Acevedo",Panaquire,"6,289"
Estado Bolivariano de Miranda,"Miranda, Acevedo",Ribas,"8,500"
Estado Bolivariano de Miranda,"Miranda, Andrés Bello",San José de Barlovento,"19,864"
Estado Bolivariano de Miranda,"Miranda, Andrés Bello",Cumbo,"1,117"
Estado Bolivariano de Miranda,"Miranda, Baruta",Baruta,"159,142"
Estado Bolivariano de Miranda,"Miranda, Baruta",El Cafetal,"41,543"
Estado Bolivariano de Miranda,"Miranda, Baruta",Las Minas de Baruta,"40,070"
Estado Bolivariano de Miranda,"Miranda, Brión",Higuerote,"33,214"
Estado Bolivariano de Miranda,"Miranda, Brión",Curiepe,"11,876"
Estado Bolivariano de Miranda,"Miranda, Brión",Tacarigua,"13,850"
Estado Bolivariano de Miranda,"Miranda, Buroz",Mamporal,"27,515"
Estado Bolivariano de Miranda,"Miranda, Carrizal",Carrizal,"51,712"
Estado Bolivariano de Miranda,"Miranda, Chacao",Chacao,"61,213"
Estado Bolivariano de Miranda,"Miranda, Cristóbal Rojas",Charallave,"91,701"
Estado Bolivariano de Miranda,"Miranda, Cristóbal Rojas",Las Brisas,"26,187"
Estado Bolivariano de Miranda,"Miranda, El Hatillo",El Hatillo,"58,156"
Estado Bolivariano de Miranda,"Miranda, Guaicaipuro",Los Teques,"194,725"
Estado Bolivariano de Miranda,"Miranda, Guaicaipuro",Altagracia de La Montaña,"3,874"
Estado Bolivariano de Miranda,"Miranda, Guaicaipuro",Cecilio Acosta,"19,350"
Estado Bolivariano de Miranda,"Miranda, Guaicaipuro",El Jarillo,"2,415"
Estado Bolivariano de Miranda,"Miranda, Guaicaipuro",Paracotos,"14,449"
Estado Bolivariano de Miranda,"Miranda, Guaicaipuro",San Pedro,"12,916"
Estado Bolivariano de Miranda,"Miranda, Guaicaipuro",Tácata,"4,513"
Estado Bolivariano de Miranda,"Miranda, Independencia",Santa Teresa del Tuy,"67,877"
Estado Bolivariano de Miranda,"Miranda, Independencia",El Cartanal,"70,899"
Estado Bolivariano de Miranda,"Miranda, Lander",Ocumare del Tuy,"106,812"
Estado Bolivariano de Miranda,"Miranda, Lander",La Democracia,"2,044"
Estado Bolivariano de Miranda,"Miranda, Lander",Santa Bárbara,"36,091"
Estado Bolivariano de Miranda,"Miranda, Los Salias",San Antonio de Los Altos,"68,255"
Estado Bolivariano de Miranda,"Miranda, Páez",Río Chico,"19,590"
Estado Bolivariano de Miranda,"Miranda, Páez",El Guapo,"7,466"
Estado Bolivariano de Miranda,"Miranda, Páez",Tacarigua de La Laguna,"5,329"
Estado Bolivariano de Miranda,"Miranda, Páez",Paparo,"1,357"
Estado Bolivariano de Miranda,"Miranda, Páez",San Fernando del Guapo,"4,202"
Estado Bolivariano de Miranda,"Miranda, Paz Castillo",Santa Lucía,"111,197"
Estado Bolivariano de Miranda,"Miranda, Pedro Gual",Cúpira,"20,683"
Estado Bolivariano de Miranda,"Miranda, Pedro Gual",Machurucuto,"1,148"
Estado Bolivariano de Miranda,"Miranda, Plaza",Guarenas,"209,987"
Estado Bolivariano de Miranda,"Miranda, Simón Bolívar",San Francisco de Yare,"34,686"
Estado Bolivariano de Miranda,"Miranda, Simón Bolívar",San Antonio de Yare,"7,911"
Estado Bolivariano de Miranda,"Miranda, Sucre",Petare,"372,616"
Estado Bolivariano de Miranda,"Miranda, Sucre",Caucagüita,"67,013"
Estado Bolivariano de Miranda,"Miranda, Sucre",Fila de Mariches,"32,303"
Estado Bolivariano de Miranda,"Miranda, Sucre",La Dolorita,"65,159"
Estado Bolivariano de Miranda,"Miranda, Sucre",Leoncio Martínez,"63,260"
Estado Bolivariano de Miranda,"Miranda, Urdaneta",Cúa,"105,841"
Estado Bolivariano de Miranda,"Miranda, Urdaneta",Nueva Cúa,"29,591"
Estado Bolivariano de Miranda,"Miranda, Zamora",Guatire,"151,140"
Estado Bolivariano de Miranda,"Miranda, Zamora",Bolívar,"35,935"
Estado Monagas,"Monagas, Acosta",Capital Acosta,"11,463"
Estado Monagas,"Monagas, Acosta",San Francisco,"6,755"
Estado Monagas,"Monagas, Aguasay",No tiene parroquia (Capital Aguasay),"11,856"
Estado Monagas,"Monagas, Bolívar",No tiene parroquia (Capital Caripito),"38,648"
Estado Monagas,"Monagas, Caripe",Capital Caripe,"9,116"
Estado Monagas,"Monagas, Caripe",El Guácharo,"3,775"
Estado Monagas,"Monagas, Caripe",La Guanota,"2,544"
Estado Monagas,"Monagas, Caripe",Sabana de Piedra,"2,650"
Estado Monagas,"Monagas, Caripe",San Agustín,"4,492"
Estado Monagas,"Monagas, Caripe",Teresén,"11,161"
Estado Monagas,"Monagas, Cedeño",Capital Cedeño,"20,257"
Estado Monagas,"Monagas, Cedeño",Areo,"5,886"
Estado Monagas,"Monagas, Cedeño",San Félix,"5,182"
Estado Monagas,"Monagas, Cedeño",Viento Fresco,"3,138"
Estado Monagas,"Monagas, Ezequiel Zamora",Capital Ezequiel Zamora,"51,798"
Estado Monagas,"Monagas, Ezequiel Zamora",El Tejero,"10,953"
Estado Monagas,"Monagas, Libertador",Capital Libertador,"33,430"
Estado Monagas,"Monagas, Libertador",Chaguaramas,"6,461"
Estado Monagas,"Monagas, Libertador",Las Alhuacas,"1,104"
Estado Monagas,"Monagas, Libertador",Tabasca,"4,279"
Estado Monagas,"Monagas, Maturín",Capital Maturín,"28,157"
Estado Monagas,"Monagas, Maturín",Alto de los Godos,"139,257"
Estado Monagas,"Monagas, Maturín",Boquerón,"73,800"
Estado Monagas,"Monagas, Maturín",Las Cocuizas,"110,976"
Estado Monagas,"Monagas, Maturín",San Simón,"59,172"
Estado Monagas,"Monagas, Maturín",Santa Cruz,"75,687"
Estado Monagas,"Monagas, Maturín",El Corozo,"5,689"
Estado Monagas,"Monagas, Maturín",El Furrial,"11,546"
Estado Monagas,"Monagas, Maturín",Jusepín,"9,518"
Estado Monagas,"Monagas, Maturín",La Pica,"16,996"
Estado Monagas,"Monagas, Maturín",San Vicente,"11,461"
Estado Monagas,"Monagas, Piar",Capital Piar,"10,902"
Estado Monagas,"Monagas, Piar",Aparicio,"2,559"
Estado Monagas,"Monagas, Piar",Chaguaramal,"8,393"
Estado Monagas,"Monagas, Piar",El Pinto,"3,358"
Estado Monagas,"Monagas, Piar",Guanaguana,"5,231"
Estado Monagas,"Monagas, Piar",La Toscana,"12,334"
Estado Monagas,"Monagas, Piar",Taguaya,"3,833"
Estado Monagas,"Monagas, Punceres",Capital Punceres,"14,193"
Estado Monagas,"Monagas, Punceres",Cachipo,"13,761"
Estado Monagas,"Monagas, Santa Bárbara",No tiene parroquia (Capital Santa Bárbara),"9,809"
Estado Monagas,"Monagas, Sotillo",Capital Sotillo,"17,860"
Estado Monagas,"Monagas, Sotillo",Los Barrancos de Fajardo,"6,378"
Estado Monagas,"Monagas, Uracoa",No tiene parroquia (Capital Uracoa),"9,625"
Estado Nueva Esparta,"Nueva Esparta, Antolín del Campo",No tiene parroquia (Capital La Plaza de Paraguachí),"28,294"
Estado Nueva Esparta,"Nueva Esparta, Arismendi",No tiene parroquia (Capital La Asunción),"28,309"
Estado Nueva Esparta,"Nueva Esparta, Díaz",Capital Díaz,"43,117"
Estado Nueva Esparta,"Nueva Esparta, Díaz",Zabala,"28,349"
Estado Nueva Esparta,"Nueva Esparta, García",Capital García,"19,712"
Estado Nueva Esparta,"Nueva Esparta, García",Francisco Fajardo,"48,778"
Estado Nueva Esparta,"Nueva Esparta, Gómez",Capital Gómez,"15,681"
Estado Nueva Esparta,"Nueva Esparta, Gómez",Bolívar,"1,871"
Estado Nueva Esparta,"Nueva Esparta, Gómez",Guevara,"4,935"
Estado Nueva Esparta,"Nueva Esparta, Gómez",Matasiete,"5,381"
Estado Nueva Esparta,"Nueva Esparta, Gómez",Sucre,"12,541"
Estado Nueva Esparta,"Nueva Esparta, Maneiro",Capital Maneiro,"25,551"
Estado Nueva Esparta,"Nueva Esparta, Maneiro",Aguirre,"23,401"
Estado Nueva Esparta,"Nueva Esparta, Marcano",Capital Marcano,"20,421"
Estado Nueva Esparta,"Nueva Esparta, Marcano",Adrián,"15,270"
Estado Nueva Esparta,"Nueva Esparta, Mariño",No tiene parroquia (Capital Porlamar),"97,667"
Estado Nueva Esparta,"Nueva Esparta, Península de Macanao",Capital Península de Macanao,"11,851"
Estado Nueva Esparta,"Nueva Esparta, Península de Macanao",San Francisco,"14,572"
Estado Nueva Esparta,"Nueva Esparta, Tubores",Capital Tubores,"24,416"
Estado Nueva Esparta,"Nueva Esparta, Tubores",Los Barales,"12,508"
Estado Nueva Esparta,"Nueva Esparta, Villalba",Capital Villalba,"5,082"
Estado Nueva Esparta,"Nueva Esparta, Villalba",Vicente Fuentes,"3,903"
Estado Portuguesa,"Portuguesa, Agua Blanca",No tiene parroquia (Capital Agua Blanca),"20,717"
Estado Portuguesa,"Portuguesa, Araure",Capital Araure,"139,228"
Estado Portuguesa,"Portuguesa, Araure",Río Acarigua,"12,106"
Estado Portuguesa,"Portuguesa, Esteller",Capital Esteller,"38,018"
Estado Portuguesa,"Portuguesa, Esteller",Uveral,"6,927"
Estado Portuguesa,"Portuguesa, Guanare",Capital Guanare,"161,914"
Estado Portuguesa,"Portuguesa, Guanare",Córdoba,"3,468"
Estado Portuguesa,"Portuguesa, Guanare",San José de la Montaña,"1,591"
Estado Portuguesa,"Portuguesa, Guanare",San Juan de Guanaguanare,"16,276"
Estado Portuguesa,"Portuguesa, Guanare",Virgen de la Coromoto,"9,395"
Estado Portuguesa,"Portuguesa, Guanarito",Capital Guanarito,"31,529"
Estado Portuguesa,"Portuguesa, Guanarito",Trinidad de la Capilla,"3,299"
Estado Portuguesa,"Portuguesa, Guanarito",Divina Pastora,"2,725"
Estado Portuguesa,"Portuguesa, Monseñor José Vicente de Unda",Capital Monseñor José Vicente de Unda,"21,297"
Estado Portuguesa,"Portuguesa, Monseñor José Vicente de Unda",Peña Blanca,"2,447"
Estado Portuguesa,"Portuguesa, Ospino",Capital Ospino,"29,208"
Estado Portuguesa,"Portuguesa, Ospino",Aparición,"10,482"
Estado Portuguesa,"Portuguesa, Ospino",La Estación,"9,538"
Estado Portuguesa,"Portuguesa, Páez",Capital Páez,"154,911"
Estado Portuguesa,"Portuguesa, Páez",Payara,"10,591"
Estado Portuguesa,"Portuguesa, Páez",Pimpinela,"5,487"
Estado Portuguesa,"Portuguesa, Páez",Ramón Peraza,"6,186"
Estado Portuguesa,"Portuguesa, Papelón",Capital Papelón,"6,132"
Estado Portuguesa,"Portuguesa, Papelón",Caño Delgadito,"10,059"
Estado Portuguesa,"Portuguesa, San Genaro de Boconoito",Capital San Genaro de Boconoito,"15,546"
Estado Portuguesa,"Portuguesa, San Genaro de Boconoito",Antolín Tovar,"8,211"
Estado Portuguesa,"Portuguesa, San Rafael de Onoto",Capital San Rafael de Onoto,"14,020"
Estado Portuguesa,"Portuguesa, San Rafael de Onoto",Santa Fe,"1,745"
Estado Portuguesa,"Portuguesa, San Rafael de Onoto",Thermo Morles,"1,858"
Estado Portuguesa,"Portuguesa, Santa Rosalía",Capital Santa Rosalía,"13,651"
Estado Portuguesa,"Portuguesa, Santa Rosalía",Florida,"3,950"
Estado Portuguesa,"Portuguesa, Sucre",Capital Sucre,"21,312"
Estado Portuguesa,"Portuguesa, Sucre",Concepción,"3,194"
Estado Portuguesa,"Portuguesa, Sucre",San Rafael de Palo Alzado,"2,641"
Estado Portuguesa,"Portuguesa, Sucre",Uvencio Antonio Velásquez,"5,971"
Estado Portuguesa,"Portuguesa, Sucre",San José de Saguaz,"2,246"
Estado Portuguesa,"Portuguesa, Sucre",Villa Rosa,"5,673"
Estado Portuguesa,"Portuguesa, Turén",Capital Turén,"45,114"
Estado Portuguesa,"Portuguesa, Turén",Canelones,"7,548"
Estado Portuguesa,"Portuguesa, Turén",Santa Cruz,"5,853"
Estado Portuguesa,"Portuguesa, Turén",San Isidro Labrador,"4,432"
Estado Sucre,"Sucre, Andrés Eloy Blanco",Mariño,"16,309"
Estado Sucre,"Sucre, Andrés Eloy Blanco",Rómulo Gallegos,"9,343"
Estado Sucre,"Sucre, Andrés Mata",San José de Aerocuar,"11,162"
Estado Sucre,"Sucre, Andrés Mata",Tavera Acosta,"8,911"
Estado Sucre,"Sucre, Arismendi",Río Caribe,"25,749"
Estado Sucre,"Sucre, Arismendi",Antonio José de Sucre,"2,858"
Estado Sucre,"Sucre, Arismendi",El Morro de Puerto Santo,"8,268"
Estado Sucre,"Sucre, Arismendi",Puerto Santo,"6,239"
Estado Sucre,"Sucre, Arismendi",San Juan de Las Galdonas,"4,086"
Estado Sucre,"Sucre, Benítez",El Pilar,"17,086"
Estado Sucre,"Sucre, Benítez",El Rincón,"3,901"
Estado Sucre,"Sucre, Benítez",General Francisco Antonio Vásquez,"2,279"
Estado Sucre,"Sucre, Benítez",Guaraúnos,"2,102"
Estado Sucre,"Sucre, Benítez",Tunapuicito,"2,117"
Estado Sucre,"Sucre, Benítez",Unión,"3,626"
Estado Sucre,"Sucre, Bermúdez",Bolívar,"35,988"
Estado Sucre,"Sucre, Bermúdez",Macarapana,"5,504"
Estado Sucre,"Sucre, Bermúdez",Santa Catalina,"62,612"
Estado Sucre,"Sucre, Bermúdez",Santa Rosa,"28,942"
Estado Sucre,"Sucre, Bermúdez",Santa Teresa,"5,752"
Estado Sucre,"Sucre, Bolívar",No tiene parroquia (Capital Marigüitar),"21,871"
Estado Sucre,"Sucre, Cajigal",Yaguaraparo,"11,030"
Estado Sucre,"Sucre, Cajigal",El Paujil,"3,972"
Estado Sucre,"Sucre, Cajigal",Libertad,"5,913"
Estado Sucre,"Sucre, Cruz Salmerón Acosta",Araya,"19,768"
Estado Sucre,"Sucre, Cruz Salmerón Acosta",Chacopata,"8,214"
Estado Sucre,"Sucre, Cruz Salmerón Acosta",Manicuare,"6,954"
Estado Sucre,"Sucre, Libertador",Tunapuy,"8,230"
Estado Sucre,"Sucre, Libertador",Campo Elías,"1,356"
Estado Sucre,"Sucre, Mariño",Irapa,"11,405"
Estado Sucre,"Sucre, Mariño",Campo Claro,"4,237"
Estado Sucre,"Sucre, Mariño",Marabal,"2,221"
Estado Sucre,"Sucre, Mariño",San Antonio de Irapa,"2,300"
Estado Sucre,"Sucre, Mariño",Soro,"2,175"
Estado Sucre,"Sucre, Mejía",No tiene parroquia (Capital San Antonio del Golfo),"14,300"
Estado Sucre,"Sucre, Montes",Cumanacoa,"21,439"
Estado Sucre,"Sucre, Montes",Arenas,"5,488"
Estado Sucre,"Sucre, Montes",Aricagua,"7,310"
Estado Sucre,"Sucre, Montes",Cocollar,"6,379"
Estado Sucre,"Sucre, Montes",San Fernando,"6,283"
Estado Sucre,"Sucre, Montes",San Lorenzo,"6,990"
Estado Sucre,"Sucre, Ribero",Cariaco,"32,351"
Estado Sucre,"Sucre, Ribero",Catuaro,"11,232"
Estado Sucre,"Sucre, Ribero",Rendón,"4,998"
Estado Sucre,"Sucre, Ribero",Santa Cruz,"2,448"
Estado Sucre,"Sucre, Ribero",Santa María,"7,163"
Estado Sucre,"Sucre, Sucre",Altagracia,"145,438"
Estado Sucre,"Sucre, Sucre",Ayacucho,"38,522"
Estado Sucre,"Sucre, Sucre",Santa Inés,"69,716"
Estado Sucre,"Sucre, Sucre",Valentín Valiente,"63,623"
Estado Sucre,"Sucre, Sucre",San Juan,"15,049"
Estado Sucre,"Sucre, Sucre",Raúl Leoni,"16,617"
Estado Sucre,"Sucre, Sucre",Gran Mariscal,"9,954"
Estado Sucre,"Sucre, Valdez",Güiria,"30,934"
Estado Sucre,"Sucre, Valdez",Bideau,"2,217"
Estado Sucre,"Sucre, Valdez",Cristóbal Colón,"1,292"
Estado Sucre,"Sucre, Valdez",Punta de Piedras,"4,068"
Estado Táchira,"Táchira, Andrés bello",No tiene parroquia (Capital Cordero),"20,358"
Estado Táchira,"Táchira, Antonio Rómulo Acosta",No tiene parroquia (Capital Las Mesas),"10,061"
Estado Táchira,"Táchira, Ayacucho",Ayacucho,"50,573"
Estado Táchira,"Táchira, Ayacucho",Rivas Berti,"6,480"
Estado Táchira,"Táchira, Ayacucho",San Pedro del Río,"2,282"
Estado Táchira,"Táchira, Bolívar",Bolívar,"47,210"
Estado Táchira,"Táchira, Bolívar",Palotal,"10,314"
Estado Táchira,"Táchira, Bolívar",Juan Vicente Gómez,"1,791"
Estado Táchira,"Táchira, Bolívar",Isaías Medina Angarita,"2,315"
Estado Táchira,"Táchira, Cárdenas",Cárdenas,"97,356"
Estado Táchira,"Táchira, Cárdenas",Amenodoro Rangel Lamús,"22,568"
Estado Táchira,"Táchira, Cárdenas",La Florida,"2,129"
Estado Táchira,"Táchira, Córdoba",No tiene parroquia (Capital Santa Ana),"33,124"
Estado Táchira,"Táchira, Fernández Feo",Fernández Feo,"18,371"
Estado Táchira,"Táchira, Fernández Feo",Alberto Adriani,"18,093"
Estado Táchira,"Táchira, Fernández Feo",Santo Domingo,"9,427"
Estado Táchira,"Táchira, Francisco de Miranda",No tiene parroquia (Capital San José de Bolívar),"4,127"
Estado Táchira,"Táchira, García de Hevia",García de Hevia,"40,544"
Estado Táchira,"Táchira, García de Hevia",Boca de Grita,"2,758"
Estado Táchira,"Táchira, García de Hevia",José Antonio Páez,"5,174"
Estado Táchira,"Táchira, Guásimos",No tiene parroquia (Capital Palmira),"43,236"
Estado Táchira,"Táchira, Independencia",Independencia,"23,368"
Estado Táchira,"Táchira, Independencia",Juan Germán Roscio,"11,110"
Estado Táchira,"Táchira, Independencia",Román Cárdenas,"2,486"
Estado Táchira,"Táchira, Jáuregui",Jáuregui,"34,570"
Estado Táchira,"Táchira, Jáuregui",Emilio Constantino Guerrero,"3,603"
Estado Táchira,"Táchira, Jáuregui",Monseñor Miguel Antonio Salas,"2,827"
Estado Táchira,"Táchira, José María Vargas",No tiene parroquia (Capital El Cobre),"9,879"
Estado Táchira,"Táchira, Junín",Junín,"70,853"
Estado Táchira,"Táchira, Junín",La Petrólea,"2,539"
Estado Táchira,"Táchira, Junín",Quinimarí,"1,425"
Estado Táchira,"Táchira, Junín",Bramón,"5,863"
Estado Táchira,"Táchira, Libertad",Libertad,"13,907"
Estado Táchira,"Táchira, Libertad",Cipriano Castro,"3,453"
Estado Táchira,"Táchira, Libertad",Manuel Felipe Rugeles,"10,187"
Estado Táchira,"Táchira, Libertador",Libertador,"9,417"
Estado Táchira,"Táchira, Libertador",Don Emeterio Ochoa,"5,915"
Estado Táchira,"Táchira, Libertador",Doradas,"4,342"
Estado Táchira,"Táchira, Libertador",San Joaquín de Navay,"2,790"
Estado Táchira,"Táchira, Lobatera",Lobatera,"6,967"
Estado Táchira,"Táchira, Lobatera",Constitución,"6,591"
Estado Táchira,"Táchira, Michelena",No tiene parroquia (Capital Michelena),"19,547"
Estado Táchira,"Táchira, Panamericano",Panamericano,"25,090"
Estado Táchira,"Táchira, Panamericano",La Palmita,"7,090"
Estado Táchira,"Táchira, Pedro María Ureña",Pedro María Ureña,"40,939"
Estado Táchira,"Táchira, Pedro María Ureña",Nueva Arcadia,"10,940"
Estado Táchira,"Táchira, Rafael Urdaneta",No tiene parroquia (Capital Delicias),"5,905"
Estado Táchira,"Táchira, Samuel Darío Maldonado",Samuel Darío Maldonado,"10,434"
Estado Táchira,"Táchira, Samuel Darío Maldonado",Boconó,"3,851"
Estado Táchira,"Táchira, Samuel Darío Maldonado",Hernández,"3,626"
Estado Táchira,"Táchira, San Cristóbal",La Concordia,"94,565"
Estado Táchira,"Táchira, San Cristóbal",Pedro María Morantes,"49,159"
Estado Táchira,"Táchira, San Cristóbal",San Juan Bautista,"96,527"
Estado Táchira,"Táchira, San Cristóbal",San Sebastián,"22,437"
Estado Táchira,"Táchira, San Cristóbal",Dr. Francisco Romero Lobo,"1,077"
Estado Táchira,"Táchira, Seboruco",No tiene parroquia (Capital Seboruco),"10,243"
Estado Táchira,"Táchira, Simón Rodríguez",No tiene parroquia (Capital San Simón),"2,445"
Estado Táchira,"Táchira, Sucre",Sucre,"4,680"
Estado Táchira,"Táchira, Sucre",Eleazar López Contreras,368
Estado Táchira,"Táchira, Sucre",San Pablo,"2,272"
Estado Táchira,"Táchira, Torbes",No tiene parroquia (Capital San Josecito),"49,577"
Estado Táchira,"Táchira, Uribante",Uribante,"12,612"
Estado Táchira,"Táchira, Uribante",Cárdenas,"3,273"
Estado Táchira,"Táchira, Uribante",Juan Pablo Peñaloza,"2,561"
Estado Táchira,"Táchira, Uribante",Potosí,"1,658"
Estado Táchira,"Táchira, San Judas Tadeo",No tiene parroquia (Capital Umuquena),"7,649"
Estado Trujillo,"Trujillo, Andrés Bello",Santa Isabel,"6,091"
Estado Trujillo,"Trujillo, Andrés Bello",Araguaney,"2,006"
Estado Trujillo,"Trujillo, Andrés Bello",El Jagüito,"3,652"
Estado Trujillo,"Trujillo, Andrés Bello",La Esperanza,"2,950"
Estado Trujillo,"Trujillo, Boconó",Boconó,"21,685"
Estado Trujillo,"Trujillo, Boconó",El Carmen,"25,507"
Estado Trujillo,"Trujillo, Boconó",Mosquey,"4,858"
Estado Trujillo,"Trujillo, Boconó",Ayacucho,"2,881"
Estado Trujillo,"Trujillo, Boconó",Burbusay,"3,875"
Estado Trujillo,"Trujillo, Boconó",General Rivas,"4,329"
Estado Trujillo,"Trujillo, Boconó",Guaramacal,"2,062"
Estado Trujillo,"Trujillo, Boconó",Vega de Guaramacal,"2,053"
Estado Trujillo,"Trujillo, Boconó",Monseñor Jáuregui,"4,543"
Estado Trujillo,"Trujillo, Boconó",Rafael Rangel,"3,507"
Estado Trujillo,"Trujillo, Boconó",San Miguel,"3,515"
Estado Trujillo,"Trujillo, Boconó",San José,"4,361"
Estado Trujillo,"Trujillo, Bolívar",Sabana Grande,"7,775"
Estado Trujillo,"Trujillo, Bolívar",Cheregüé,"4,291"
Estado Trujillo,"Trujillo, Bolívar",Granados,"3,219"
Estado Trujillo,"Trujillo, Candelaria",Chejendé,"13,005"
Estado Trujillo,"Trujillo, Candelaria",Arnoldo Gabaldón,"2,597"
Estado Trujillo,"Trujillo, Candelaria",Bolivia,"2,497"
Estado Trujillo,"Trujillo, Candelaria",Carrillo,"1,982"
Estado Trujillo,"Trujillo, Candelaria",Cegarra,"1,131"
Estado Trujillo,"Trujillo, Candelaria",Manuel Salvador Ulloa,"2,428"
Estado Trujillo,"Trujillo, Candelaria",San José,"4,171"
Estado Trujillo,"Trujillo, Carache",Carache,"11,533"
Estado Trujillo,"Trujillo, Carache",Cuicas,"5,042"
Estado Trujillo,"Trujillo, Carache",La Concepción,"5,409"
Estado Trujillo,"Trujillo, Carache",Panamericana,"1,992"
Estado Trujillo,"Trujillo, Carache",Santa Cruz,"3,382"
Estado Trujillo,"Trujillo, Escuque",Escuque,"13,719"
Estado Trujillo,"Trujillo, Escuque",La Unión,"3,168"
Estado Trujillo,"Trujillo, Escuque",Sabana Libre,"7,168"
Estado Trujillo,"Trujillo, Escuque",Santa Rita,"3,073"
Estado Trujillo,"Trujillo, José Felipe Márquez Cañizales",El Socorro,"3,880"
Estado Trujillo,"Trujillo, José Felipe Márquez Cañizales",Antonio José de Sucre,327
Estado Trujillo,"Trujillo, José Felipe Márquez Cañizales",Los Caprichos,344
Estado Trujillo,"Trujillo, Juan Vicente Campo Elías",Campo Elías,"4,223"
Estado Trujillo,"Trujillo, Juan Vicente Campo Elías",Arnoldo Gabaldón,"1,108"
Estado Trujillo,"Trujillo, La Ceiba",Santa Apolonia,"5,548"
Estado Trujillo,"Trujillo, La Ceiba",El Progreso,"5,082"
Estado Trujillo,"Trujillo, La Ceiba",La Ceiba,"2,463"
Estado Trujillo,"Trujillo, La Ceiba",Tres de Febrero,"5,938"
Estado Trujillo,"Trujillo, Miranda",El Dividive,"10,838"
Estado Trujillo,"Trujillo, Miranda",Agua Santa,"5,346"
Estado Trujillo,"Trujillo, Miranda",Agua Caliente,"1,858"
Estado Trujillo,"Trujillo, Miranda",El Cenizo,"2,551"
Estado Trujillo,"Trujillo, Miranda",Valerita,712
Estado Trujillo,"Trujillo, Monte Carmelo",Monte Carmelo,"6,002"
Estado Trujillo,"Trujillo, Monte Carmelo",Buena Vista,"6,543"
Estado Trujillo,"Trujillo, Monte Carmelo",Santa María del Horcón,61
Estado Trujillo,"Trujillo, Motatán",Motatán,"11,879"
Estado Trujillo,"Trujillo, Motatán",El Baño,"1,995"
Estado Trujillo,"Trujillo, Motatán",Jalisco,"5,903"
Estado Trujillo,"Trujillo, Pampán",Pampán,"8,934"
Estado Trujillo,"Trujillo, Pampán",Flor de Patria,"12,678"
Estado Trujillo,"Trujillo, Pampán",La Paz,"18,344"
Estado Trujillo,"Trujillo, Pampán",Santa Ana,"7,593"
Estado Trujillo,"Trujillo, Pampanito",Pampanito,"12,855"
Estado Trujillo,"Trujillo, Pampanito",La Concepción,"5,434"
Estado Trujillo,"Trujillo, Pampanito",Pampanito II,"10,232"
Estado Trujillo,"Trujillo, Rafael Rangel",Betijoque,"5,243"
Estado Trujillo,"Trujillo, Rafael Rangel",La Pueblita,"7,012"
Estado Trujillo,"Trujillo, Rafael Rangel",Los Cedros,"3,695"
Estado Trujillo,"Trujillo, Rafael Rangel",José Gregorio Hernández,"6,203"
Estado Trujillo,"Trujillo, San Rafael de Carvajal",Carvajal,"18,626"
Estado Trujillo,"Trujillo, San Rafael de Carvajal",Antonio Nicolás Briceño,"14,239"
Estado Trujillo,"Trujillo, San Rafael de Carvajal",Campo Alegre,"11,321"
Estado Trujillo,"Trujillo, San Rafael de Carvajal",José Leonardo Suárez,"11,223"
Estado Trujillo,"Trujillo, Sucre",Sabana de Mendoza,"9,525"
Estado Trujillo,"Trujillo, Sucre",El Paraíso,"2,101"
Estado Trujillo,"Trujillo, Sucre",Junín,"4,534"
Estado Trujillo,"Trujillo, Sucre",Valmore Rodríguez,"14,555"
Estado Trujillo,"Trujillo, Trujillo",Andrés Linares,"3,459"
Estado Trujillo,"Trujillo, Trujillo",Chiquinquirá,"8,531"
Estado Trujillo,"Trujillo, Trujillo",Cristóbal Mendoza,"15,443"
Estado Trujillo,"Trujillo, Trujillo",Cruz Carrillo,"4,143"
Estado Trujillo,"Trujillo, Trujillo",Matriz,"11,363"
Estado Trujillo,"Trujillo, Trujillo",Monseñor Carrillo,"5,593"
Estado Trujillo,"Trujillo, Trujillo",Tres Esquinas,"5,681"
Estado Trujillo,"Trujillo, Urdaneta",La Quebrada,"6,952"
Estado Trujillo,"Trujillo, Urdaneta",Cabimbú,"2,837"
Estado Trujillo,"Trujillo, Urdaneta",Jajó,"6,031"
Estado Trujillo,"Trujillo, Urdaneta",La Mesa,"8,785"
Estado Trujillo,"Trujillo, Urdaneta",Santiago,"4,484"
Estado Trujillo,"Trujillo, Urdaneta",Tuñame,"4,531"
Estado Trujillo,"Trujillo, Valera",Juan Ignacio Montilla,"23,449"
Estado Trujillo,"Trujillo, Valera",La Beatriz,"14,489"
Estado Trujillo,"Trujillo, Valera",Mercedes Díaz,"60,226"
Estado Trujillo,"Trujillo, Valera",San Luis,"16,473"
Estado Trujillo,"Trujillo, Valera",La Puerta,"10,781"
Estado Trujillo,"Trujillo, Valera",Mendoza,"10,711"
Estado Yaracuy,"Yaracuy, Arístides Bastidas",No tiene parroquia (Capital San Pablo),"20,485"
Estado Yaracuy,"Yaracuy, Bolívar",No tiene parroquia (Capital Aroa),"31,185"
Estado Yaracuy,"Yaracuy, Bruzual",Capital Bruzual,"56,803"
Estado Yaracuy,"Yaracuy, Bruzual",Campo Elías,"12,929"
Estado Yaracuy,"Yaracuy, Cocorote",No tiene parroquia (Capital Cocorote),"41,481"
Estado Yaracuy,"Yaracuy, Independencia",No tiene parroquia (Capital Independencia),"57,811"
Estado Yaracuy,"Yaracuy, José Antonio Páez",No tiene parroquia (Capital Sabana de Parra),"19,673"
Estado Yaracuy,"Yaracuy, La Trinidad",No tiene parroquia (Capital Boraure),"17,200"
Estado Yaracuy,"Yaracuy, Manuel Monge",No tiene parroquia (Capital Yumare),"13,180"
Estado Yaracuy,"Yaracuy, Nirgua",Capital Nirgua,"44,575"
Estado Yaracuy,"Yaracuy, Nirgua",Salom,"11,818"
Estado Yaracuy,"Yaracuy, Nirgua",Temerla,"2,539"
Estado Yaracuy,"Yaracuy, Peña",Capital Peña,"91,988"
Estado Yaracuy,"Yaracuy, Peña",San Andrés,"9,632"
Estado Yaracuy,"Yaracuy, San Felipe",Capital San Felipe,"52,931"
Estado Yaracuy,"Yaracuy, San Felipe",Albarico,"34,704"
Estado Yaracuy,"Yaracuy, San Felipe",San Javier,"13,124"
Estado Yaracuy,"Yaracuy, Sucre",No tiene parroquia (Capital Guama),"18,988"
Estado Yaracuy,"Yaracuy, Urachiche",No tiene parroquia (Capital Urachiche),"21,966"
Estado Yaracuy,"Yaracuy, Veroes",Capital Veroes,"11,214"
Estado Yaracuy,"Yaracuy, Veroes",El Guayabo,"16,626"
Estado Zulia,"Zulia, Almirante Padilla",Isla de Toas,"7,678"
Estado Zulia,"Zulia, Almirante Padilla",Monagas,"4,251"
Estado Zulia,"Zulia, Baralt",San Timoteo,"5,667"
Estado Zulia,"Zulia, Baralt",General Urdaneta,"14,037"
Estado Zulia,"Zulia, Baralt",Libertador,"21,747"
Estado Zulia,"Zulia, Baralt",Manuel Guanipa Matos,"12,937"
Estado Zulia,"Zulia, Baralt",Marcelino Briceño,"5,931"
Estado Zulia,"Zulia, Baralt",Pueblo Nuevo,"29,528"
Estado Zulia,"Zulia, Cabimas",Ambrosio,"39,153"
Estado Zulia,"Zulia, Cabimas",Carmen Herrera,"23,686"
Estado Zulia,"Zulia, Cabimas",Germán Ríos Linares,"45,019"
Estado Zulia,"Zulia, Cabimas",La Rosa,"23,456"
Estado Zulia,"Zulia, Cabimas",Jorge Hernández,"54,578"
Estado Zulia,"Zulia, Cabimas",Rómulo Betancourt,"29,839"
Estado Zulia,"Zulia, Cabimas",San Benito,"29,747"
Estado Zulia,"Zulia, Cabimas",Arístides Calvani,"5,336"
Estado Zulia,"Zulia, Cabimas",Punta Gorda,"12,242"
Estado Zulia,"Zulia, Catatumbo",Encontrados,"22,663"
Estado Zulia,"Zulia, Catatumbo",Udón Pérez,"18,039"
Estado Zulia,"Zulia, Colón",San Carlos del Zulia,"18,663"
Estado Zulia,"Zulia, Colón",Moralito,"24,223"
Estado Zulia,"Zulia, Colón",Santa Bárbara,"59,119"
Estado Zulia,"Zulia, Colón",Santa Cruz del Zulia,"11,326"
Estado Zulia,"Zulia, Colón",Urribarri,"15,398"
Estado Zulia,"Zulia, Francisco Javier Pulgar",Simón Rodríguez,"18,156"
Estado Zulia,"Zulia, Francisco Javier Pulgar",Carlos Quevedo,"9,696"
Estado Zulia,"Zulia, Francisco Javier Pulgar",Francisco Javier Pulgar,"4,764"
Estado Zulia,"Zulia, Francisco Javier Pulgar",Agustín Codazzi,"1,326"
Estado Zulia,"Zulia, Jesús Enrique Lossada",La Concepción,"69,284"
Estado Zulia,"Zulia, Jesús Enrique Lossada",José Ramón Yepes,"25,372"
Estado Zulia,"Zulia, Jesús Enrique Lossada",Mariano Parra León,"9,522"
Estado Zulia,"Zulia, Jesús Enrique Lossada",San José,"14,578"
Estado Zulia,"Zulia, Jesús María Semprún",Jesús María Semprún,"20,049"
Estado Zulia,"Zulia, Jesús María Semprún",Barí,"10,435"
Estado Zulia,"Zulia, La Cañada de Urdaneta",Concepción,"35,794"
Estado Zulia,"Zulia, La Cañada de Urdaneta",Andrés Bello,"11,189"
Estado Zulia,"Zulia, La Cañada de Urdaneta",Chiquinquirá,"14,724"
Estado Zulia,"Zulia, La Cañada de Urdaneta",El Carmelo,"11,124"
Estado Zulia,"Zulia, La Cañada de Urdaneta",Potreritos,"9,379"
Estado Zulia,"Zulia, Lagunillas",Alonso de Ojeda,"85,482"
Estado Zulia,"Zulia, Lagunillas",Libertad,"52,732"
Estado Zulia,"Zulia, Lagunillas",Campo Lara,"5,775"
Estado Zulia,"Zulia, Lagunillas",Eleazar López Contreras,"3,733"
Estado Zulia,"Zulia, Lagunillas",Venezuela,"28,797"
Estado Zulia,"Zulia, Lagunillas",El Danto,"26,916"
Estado Zulia,"Zulia, Machiques de Perijá",Libertad,"78,115"
Estado Zulia,"Zulia, Machiques de Perijá",Bartolomé de las Casas,"14,856"
Estado Zulia,"Zulia, Machiques de Perijá",Río Negro,"9,940"
Estado Zulia,"Zulia, Machiques de Perijá",San José de Perijá,"19,823"
Estado Zulia,"Zulia, Mara",San Rafael,"50,318"
Estado Zulia,"Zulia, Mara",La Sierrita,"45,227"
Estado Zulia,"Zulia, Mara",Las Parcelas,"16,288"
Estado Zulia,"Zulia, Mara",Luis de Vicente,"19,652"
Estado Zulia,"Zulia, Mara",Monseñor Marcos Sergio Godoy,"4,326"
Estado Zulia,"Zulia, Mara",Ricaurte,"63,093"
Estado Zulia,"Zulia, Mara",Tamare,"8,317"
Estado Zulia,"Zulia, Maracaibo",Antonio Borjas Romero,"93,883"
Estado Zulia,"Zulia, Maracaibo",Bolívar,"19,248"
Estado Zulia,"Zulia, Maracaibo",Cacique Mara,"64,883"
Estado Zulia,"Zulia, Maracaibo",Caracciolo Parra Pérez,"42,011"
Estado Zulia,"Zulia, Maracaibo",Cecilio Acosta,"56,447"
Estado Zulia,"Zulia, Maracaibo",Cristo de Aranza,"99,678"
Estado Zulia,"Zulia, Maracaibo",Coquivacoa,"82,945"
Estado Zulia,"Zulia, Maracaibo",Chiquinquirá,"55,364"
Estado Zulia,"Zulia, Maracaibo",Francisco Eugenio Bustamante,"222,797"
Estado Zulia,"Zulia, Maracaibo",Idelfonso Vásquez,"152,379"
Estado Zulia,"Zulia, Maracaibo",Juana de Ávila,"72,676"
Estado Zulia,"Zulia, Maracaibo",Luis Hurtado Higuera,"73,600"
Estado Zulia,"Zulia, Maracaibo",Manuel Dagnino,"84,895"
Estado Zulia,"Zulia, Maracaibo",Olegario Villalobos,"80,556"
Estado Zulia,"Zulia, Maracaibo",Raúl Leoni,"71,484"
Estado Zulia,"Zulia, Maracaibo",Santa Lucía,"31,895"
Estado Zulia,"Zulia, Maracaibo",Venancio Pulgar,"116,724"
Estado Zulia,"Zulia, Maracaibo",San Isidro,"37,983"
Estado Zulia,"Zulia, Miranda",Altagracia,"39,152"
Estado Zulia,"Zulia, Miranda",Ana María Campos,"8,012"
Estado Zulia,"Zulia, Miranda",Faría,"4,909"
Estado Zulia,"Zulia, Miranda",San Antonio,"11,640"
Estado Zulia,"Zulia, Miranda",San José,"18,772"
Estado Zulia,"Zulia, Miranda",José Antonio Chaves,"14,978"
Estado Zulia,"Zulia, Indígena Bolivariano Guajira",Sinamaica,"13,951"
Estado Zulia,"Zulia, Indígena Bolivariano Guajira",Alta Guajira,"4,050"
Estado Zulia,"Zulia, Indígena Bolivariano Guajira",Elías Sánchez Rubio,"8,526"
Estado Zulia,"Zulia, Indígena Bolivariano Guajira",Guajira,"39,018"
Estado Zulia,"Zulia, Rosario de Perijá",El Rosario,"70,471"
Estado Zulia,"Zulia, Rosario de Perijá",Donaldo García,"6,318"
Estado Zulia,"Zulia, Rosario de Perijá",Sixto Zambrano,"8,217"
Estado Zulia,"Zulia, San Francisco",San Francisco,"126,852"
Estado Zulia,"Zulia, San Francisco",El Bajo,"18,554"
Estado Zulia,"Zulia, San Francisco",Domitila Flores,"124,247"
Estado Zulia,"Zulia, San Francisco",Francisco Ochoa,"49,088"
Estado Zulia,"Zulia, San Francisco",Los Cortijos,"32,197"
Estado Zulia,"Zulia, San Francisco",Marcial Hernández,"33,248"
Estado Zulia,"Zulia, San Francisco",José Domingo Rus,"62,571"
Estado Zulia,"Zulia, Santa Rita",Santa Rita,"35,808"
Estado Zulia,"Zulia, Santa Rita",El Mene,"5,971"
Estado Zulia,"Zulia, Santa Rita",José Cenovio Urribarri,"15,136"
Estado Zulia,"Zulia, Santa Rita",Pedro Lucas Urribarri,"2,951"
Estado Zulia,"Zulia, Simón Bolívar",Manuel Manrique,"21,002"
Estado Zulia,"Zulia, Simón Bolívar",Rafael María Baralt,"17,336"
Estado Zulia,"Zulia, Simón Bolívar",Rafael Urdaneta,"5,493"
Estado Zulia,"Zulia, Sucre",Bobures,"5,264"
Estado Zulia,"Zulia, Sucre",El Batey,"7,211"
Estado Zulia,"Zulia, Sucre",Gibraltar,"7,942"
Estado Zulia,"Zulia, Sucre",Heras,"4,350"
Estado Zulia,"Zulia, Sucre",Monseñor Arturo Celestino Álvarez,"7,310"
Estado Zulia,"Zulia, Sucre",Rómulo Gallegos,"28,742"
Estado Zulia,"Zulia, Valmore Rodríguez",La Victoria,"26,586"
Estado Zulia,"Zulia, Valmore Rodríguez",Rafael Urdaneta,"11,178"
Estado Zulia,"Zulia, Valmore Rodríguez",Raúl Cuenca,"14,860"
Estado Vargas,"Vargas, Vargas",Caraballeda,"48,622"
Estado Vargas,"Vargas, Vargas",Carayaca,"41,075"
Estado Vargas,"Vargas, Vargas",Caruao,"5,925"
Estado Vargas,"Vargas, Vargas",Catia La Mar,"85,366"
Estado Vargas,"Vargas, Vargas",El Junko,"4,128"
Estado Vargas,"Vargas, Vargas",La Guaira,"19,162"
Estado Vargas,"Vargas, Vargas",Macuto,"20,033"
Estado Vargas,"Vargas, Vargas",Maiquetía,"31,657"
Estado Vargas,"Vargas, Vargas",Naiguatá,"17,877"
Estado Vargas,"Vargas, Vargas",Urimare,"48,550"
Estado Vargas,"Vargas, Vargas",Carlos Soublette,"30,525"
Dependencias Federales,"Dependencias federales, Dependencias federales",Gran Roque,"1,471"
Dependencias Federales,"Dependencias federales, Dependencias federales",Los Testigos,172
Dependencias Federales,"Dependencias federales, Dependencias federales",Chimanas,512
